dataset_id,uuid,type
d5da6970f04234d0f78abdf1adaf33a9,SNT997.SGFS.597,SN_0131
45c2a7e4d370025c027a3e9c5f6816b4,SNT634.CNDC.344,SN_0120
4d26d644ca2cb54cb094d6fe7b2310f0,SNT263.PCQJ.942,SN_0197
63f923dba8dbc6ef19090fadae9d5eae,SNT897.XSKH.765,SN_0123
ad33f1149a386bf4e3d95b9b69d44c6f,SNT389.MKGS.876,SN_0135
c7003e60f1599c84fd31c9b75c75f0d5,SNT985.HJQN.458,SN_0121
de2d50d7fcce3fd1b514bcc8cacea6eb,SNT782.NFTH.529,SN_0134
a0ebaad0234df62305a986cc29b89a27,SNT597.LBBX.278,SN_0113
0cbbdbc0a89e9abf4351911701ece16a,SNT727.CGJB.362,SN_0139
f86119ae0cdb672bfb01ec1658c93827,SNT485.TFZW.933,SN_0136
b6219533499fecdf918c23e387278716,SNT897.XSKH.765,SN_0123
9edaa4d8912cac8d53f802c05bb94071,SNT765.VJSX.938,SN_0130
6fee0a7900aaa8d42df1ba825a7dabae,SNT985.HJQN.458,SN_0121
976a7f2b39543921cd359d1b43567cd2,SNT389.MKGS.876,SN_0135
61ef28c68f2bdd71b6074df0855ab655,SNT684.VLRC.283,SN_0138
e97fcd0eb1b14844b57a0ba055fc33db,SNT263.PCQJ.942,SN_0197
ebd6b3b290222b04a060cf22d4a85b5b,SNT772.RRSX.967,SN_0114
84c5d25c1a3068a636466fa69b04108d,SNT597.LBBX.278,SN_0113
cfd4b24c127d3686dc8960f09046ddfe,SNT389.FLMV.956,SN_0140
fbfdc30b2ec79f17071fcaa90ff371e8,SNT296.ZSSX.293,SN_0119
8c919e99872d9ab93e5556f8f5f1bd3b,SNT597.LBBX.278,SN_0113
424c258654b455a5a8f8640ba31b641e,SNT782.NFTH.529,SN_0134
685cd27bda606f62465d6f846b7101ff,SNT389.FLMV.956,SN_0140
aa784a0fc54dbc0816a7277290e26f9a,SNT634.CNDC.344,SN_0120
1e23ee6c83c7458be786fa8a922edfe9,SNT296.ZSSX.293,SN_0119
acc4a012cb10d8932f08db0b723a7b85,SNT237.HHFT.695,SN_0196
b5131c144e5e5d330da5ca019ecb4f50,SNT897.XSKH.765,SN_0123
d18a8dc79679343179b021f8dd935e55,SNT772.RRSX.967,SN_0114
bc7758e7b39b71c44bba47d5050cba3a,SNT472.XBQZ.856,SN_0132
9064fa2f65df2443eb0448be9b2a7c0f,SNT727.CGJB.362,SN_0139
1d9b7ab13e9e4f850212a58cb9b2c990,SNT634.CNDC.344,SN_0120
de4fab2e09b466b8c914728fe294ebe0,SNT887.HQLX.679,SN_0133
d2fd0ba130a7347733c7c406debfabed,SNT237.HHFT.695,SN_0196
9251ac80e11d53dde29115b39e0d9620,SNT949.HRSM.865,SN_0141
b66322acaee3d069aa1de7cf6a263fab,SNT336.TNTN.436,SN_0142
ca6bc3e226c0671b75c8a4a238beee14,SNT637.VHCL.766,SN_0112
c099e41c4d49ea1c2372880e29bd6c68,SNT472.XBQZ.856,SN_0132
d1a34fabdfdb8086f740a00245e2937b,SNT852.MBFQ.742,SN_0137
96bd150d7657e537c12b9d84533c3e05,SNT887.HQLX.679,SN_0133
a42e7bdc9d0303274bba590986236ba1,SNT892.GCWJ.473,SN_0198
601f35585b3745aed80a98baae1b94e3,SNT485.TFZW.933,SN_0136
61cb743af8f71f23668e1ae130a69ddd,SNT897.XSKH.765,SN_0123
30db2dd6b12aedebe8063e57ac14cb07,SNT765.VJSX.938,SN_0130
2f8cbcf6960541eb91fff56e6d6d265b,SNT275.HPHX.884,SN_0118
98a4ea918b0833ff7c82847c4d38208b,SNT336.TNTN.436,SN_0142
71a2f11091e0ee4d62d8a7b7af886809,SNT263.PCQJ.942,SN_0197
88c656d03e8d6efcb0637f1f95660110,SNT637.VHCL.766,SN_0112
3413989ccebfb72a8ba0a2c52bf98496,SNT727.CGJB.362,SN_0139
6459f5af4fbea29fd828aaa9426e486d,SNT263.PCQJ.942,SN_0197
31342c9ee9fb569aac0933b7ad2818be,SNT378.XSNC.662,SN_0144
125993327d411743d4e2b758e75c2b8e,SNT262.DMPK.836,SN_0143
9e7624f0608f8a888b9425fd8c2b5472,SNT634.CNDC.344,SN_0120
f7bbd8859c2174f53bb543043f54b570,SNT887.HQLX.679,SN_0133
6f55b7cf77762772e686eaa0d2375c16,SNT262.DMPK.836,SN_0143
89765e726f1a34629d6ec6f14ca30dc0,SNT637.VHCL.766,SN_0112
c600808210c6ab9d64e9ba4d89a7a3cb,SNT726.KXCD.936,SN_0199
4b30bf3a9bc7b62d990391acf3e4ef4e,SNT296.ZSSX.293,SN_0119
a1f7f11e596cfd879150b25ff491a006,SNT892.GCWJ.473,SN_0198
ba5ea5093756089c84e9b10db09b0012,SNT472.XBQZ.856,SN_0132
49dcfe7e0b8a27e03109dc4b6a01c8a7,SNT887.HQLX.679,SN_0133
ea717ad4732ef1a20c6b6b018bcbded4,SNT237.HHFT.695,SN_0196
e4e06e09c3afcc7dcc34433e7dda6f57,SNT985.HJQN.458,SN_0121
e9362358fc6fabf8476fdef859d28fdb,SNT852.MBFQ.742,SN_0137
0e974ba33d275c30f898a5ffd449b090,SNT275.HPHX.884,SN_0118
2e6718cd202e690d55085035076a79a2,SNT726.KXCD.936,SN_0199
bc4dbb1716c527327b2b11cc330fed76,SNT985.HJQN.458,SN_0121
e508dda5f4ab67ac8b87fae5d6e75a5d,SNT378.XSNC.662,SN_0144
e6023ebca04accfd342da9e8a081a3ad,SNT637.VHCL.766,SN_0112
7c3a83fab8c41b9930733d19d9e130cb,SNT985.HJQN.458,SN_0121
edb441f39f42e012afd5eae118193231,SNT472.XBQZ.856,SN_0132
91ec6d24790eba553fcc447654efed12,SNT765.VJSX.938,SN_0130
dd57ea0158790a3a0bba1768fb16796a,SNT597.LBBX.278,SN_0113
ef5184b3f7d0784a8c10bc1dd00f909e,SNT684.VLRC.283,SN_0138
5ddd436b9142bee684c6a3c981654cc8,SNT336.TNTN.436,SN_0142
7510ec4108bcf1756297db3dfe0d7fd4,SNT262.DMPK.836,SN_0143
4f746f2e719ce9274d0c1cd2ee06153d,SNT296.ZSSX.293,SN_0119
763c5aa54bdb53c20cfd24db5909ef4e,SNT985.HJQN.458,SN_0121
5c93cf17acffa14a1ed1d7220f0c59af,SNT892.GCWJ.473,SN_0198
9ff03f5849af7bf41cf9d1f6e9080ff2,SNT772.RRSX.967,SN_0114
b249818f1b135830eb123a2a2e302b97,SNT378.XSNC.662,SN_0144
f4e617fd4cc926154223858a585a7162,SNT275.HPHX.884,SN_0118
f6c5199af40acf957b6dc31351572ef0,SNT892.GCWJ.473,SN_0198
42cb4493cf06377a40ee2d7479d7982d,SNT597.LBBX.278,SN_0113
21c6a4e0a228c4b3268a964458ccc167,SNT637.VHCL.766,SN_0112
e10e5904853be29d8348458cca5c129f,SNT275.HPHX.884,SN_0118
06d70872861cf1d47907d23ca11a7c97,SNT772.RRSX.967,SN_0114
63ccb82efad00c60d13b7875a29d6d07,SNT472.XBQZ.856,SN_0132
4def822439a2f48b535001c5303fa720,SNT485.TFZW.933,SN_0136
9c9f39820359434391e60df4de6109ca,SNT237.HHFT.695,SN_0196
1431a65f6e7d4114a40c36add9aa46db,SNT378.XSNC.662,SN_0144
4bd58dba938f0200bc75e4b0db5ac4fa,SNT949.HRSM.865,SN_0141
dcee804cd50a22021eeba2cb18c22165,SNT389.FLMV.956,SN_0140
2f07d452ca6a084032c1c258b328c52d,SNT892.GCWJ.473,SN_0198
92555b09e04759deae8512d7d3dc9591,SNT726.KXCD.936,SN_0199
eee703fcce7d6b5c3e44731e34a5b37f,SNT726.KXCD.936,SN_0199
eb2da94f6f31984ae9e641276190d3f5,SNT485.TFZW.933,SN_0136
f363f9bc9e52bdc01aeb69d3d85890a6,SNT262.DMPK.836,SN_0143
4fd54e7890fe57223bde6dcd7d1f9360,SNT949.HRSM.865,SN_0141
f47d6d77b586d2101bfc984f54b1c8e3,SNT263.PCQJ.942,SN_0197
8db8ba3d45901f996fd51819543b9371,SNT892.GCWJ.473,SN_0198
861a4f727a9cca39b8e9c313f506d27b,SNT336.TNTN.436,SN_0142
5040e74d702327b25b1a7d6fb1b14f5e,SNT389.FLMV.956,SN_0140
d18ceaa567818b6ab70ac95576142ec3,SNT336.TNTN.436,SN_0142
0101fdff2d7689bd70ecac45bc031232,SNT263.PCQJ.942,SN_0197
44733e19391b57a66c9aa7227d4ca900,SNT378.XSNC.662,SN_0144
78ead452ed7a2007aaebee92845bfe46,SNT237.HHFT.695,SN_0196
916ef09e0f83df422ed93035cc4148ac,SNT262.DMPK.836,SN_0143
70e690367831ffd7c6cbe3c7ca979d83,SNT336.TNTN.436,SN_0142
22634399f3c1fe9a196c52c0e8156bb2,SNT852.MBFQ.742,SN_0137
117672347f2ceb3eb0be4308e9ed2f79,SNT263.PCQJ.942,SN_0197
b2006a25fec3f317f72c3e0e5bd7038f,SNT336.TNTN.436,SN_0142
fed5779716d54bcad5ebad1ed03ff9e2,SNT378.XSNC.662,SN_0144
27a9809ed76c92c679173d91c250d7d7,SNT892.GCWJ.473,SN_0198
ecde1c3b10ab27f3d3aa6799ae921150,SNT684.VLRC.283,SN_0138
55b509df4f938c2252ccd81abf308a70,SNT949.HRSM.865,SN_0141
53274908d33a6a12115a4b0b6119fa84,SNT892.GCWJ.473,SN_0198
be463b35677a08c49e2db1adda1bae6c,SNT262.DMPK.836,SN_0143
6e3e8d3e311792cf1e9bbaee593956d5,SNT684.VLRC.283,SN_0138
62b8bed0223470f971e3745d51ae56b7,SNT237.HHFT.695,SN_0196
db17450a3a715d215b3208a9c7616a12,SNT378.XSNC.662,SN_0144
65b0ed0a6a2e781cd5ad155cb6c549bb,SNT772.RRSX.967,SN_0114
f24a5f74a031b414e563bc7595dcb9c4,SNT765.VJSX.938,SN_0130
28b8cdc36d25bb1b9e03bc94aac0064f,SNT949.HRSM.865,SN_0141
1cf6a895bfab57b73de5fe8fa47f6b4e,SNT262.DMPK.836,SN_0143
06c41f98e87b7a5928ddfad96b3342e6,SNT389.FLMV.956,SN_0140
d9599bd6d6cf709cde96ecb234b28b7b,SNT634.CNDC.344,SN_0120
382aaeb41250e788ab3bbcccd7540dbe,SNT726.KXCD.936,SN_0199
4e3f6afcd45526d1110155ba1883d65c,SNT336.TNTN.436,SN_0142
7e5d96fe05c7195602e191261f14c466,SNT765.VJSX.938,SN_0130
7acd935661b04cfcc3bfe99e047a8463,SNT684.VLRC.283,SN_0138
9fec28170f6ed4fc441ae6e36a37e5ae,SNT296.ZSSX.293,SN_0119
e9998db2799596e38f89830d0c40abd4,SNT892.GCWJ.473,SN_0198
3aa4a014a6d6d557ef9896b0f160aade,SNT772.RRSX.967,SN_0114
376dfa8e5f3b53f96f56cd46dc1e62c1,SNT782.NFTH.529,SN_0134
5a085f0e28c1e79c91fc8096230d5865,SNT727.CGJB.362,SN_0139
f5a28b00ae53593494330fa9dab5f7ee,SNT263.PCQJ.942,SN_0197
3cbf63fbb712762d38ce14536cc8d37f,SNT897.XSKH.765,SN_0123
80da4f9af24f077715d5c9f7103cea22,SNT389.FLMV.956,SN_0140
f779b2d6d54b7fb6777d78d6fc3714a2,SNT262.DMPK.836,SN_0143
8c983b82a8b298f69d0fa0804b920709,SNT485.TFZW.933,SN_0136
695ed3a177357469bb0eb80d0d879cdf,SNT634.CNDC.344,SN_0120
f48c6839980c956008c45d7c0cf98d66,SNT637.VHCL.766,SN_0112
355d760c79659b0a11127c98cd300488,SNT726.KXCD.936,SN_0199
643b58a51b2d2f9b397b88ed82211978,SNT684.VLRC.283,SN_0138
f632b3124ef2626deb31c815b106efe6,SNT782.NFTH.529,SN_0134
1cdb93992f69d653b91b98fae34cc132,SNT985.HJQN.458,SN_0121
3a68e9c8f6b9926a2650d5d54400c983,SNT985.HJQN.458,SN_0121
01980ee899917e538bd790f26f2e4c6d,SNT765.VJSX.938,SN_0130
1a8a8e40387d55150b1f27f97065207e,SNT296.ZSSX.293,SN_0119
882ac90d61b32716abb8234365a0182f,SNT852.MBFQ.742,SN_0137
e332d6cd53d586baa719159b49b83e81,SNT637.VHCL.766,SN_0112
260ca40efa0c2968448564453fb0d241,SNT262.DMPK.836,SN_0143
08bfe7eb4919d460e11b25eab588420b,SNT378.XSNC.662,SN_0144
7eb5ef00d587969d63513282dc71c0d5,SNT336.TNTN.436,SN_0142
2cfbc050ac894a34e511b3b5015e8fc1,SNT296.ZSSX.293,SN_0119
04bd43afeee91be9d88ffbdb1216253d,SNT262.DMPK.836,SN_0143
bbb64b4bbf9a075ffed9ca3dca15d5f9,SNT485.TFZW.933,SN_0136
e2b9a48d7fceab264cd0afcd36b4aa4e,SNT389.FLMV.956,SN_0140
72fb27f274fea4443dc6e3a2797069ba,SNT985.HJQN.458,SN_0121
ce4d7e4c3bb15f48776ddcc6a190c378,SNT637.VHCL.766,SN_0112
ea40e7a48ebde7ec89a135ff8e1ac9cc,SNT378.XSNC.662,SN_0144
61b5659190bcabd94b0f5043e9e7acb8,SNT634.CNDC.344,SN_0120
7439ce73cfa5b86705123c309416acbe,SNT597.LBBX.278,SN_0113
4d6b0c85b3eff7b7b06bc85bd975b456,SNT782.NFTH.529,SN_0134
a8687f99660bedb07ccea6480bfa6414,SNT637.VHCL.766,SN_0112
970f34af5247f608b4f4b60d44571a13,SNT772.RRSX.967,SN_0114
1f29d0d19a7cd06b5b1670eb6bda7b21,SNT949.HRSM.865,SN_0141
9429445051b19df324f59e90de0ff07c,SNT852.MBFQ.742,SN_0137
8897f5c88771ad57fd85df9a49e1f4cd,SNT389.FLMV.956,SN_0140
ae31865d408200bb92b8b8e1df61c773,SNT472.XBQZ.856,SN_0132
5baf87ba25aea4c037d8b0dcd1dec3c1,SNT684.VLRC.283,SN_0138
dee2e0ad2b5f93a60eb348d6a1ecec5c,SNT887.HQLX.679,SN_0133
9d61c3ed365a40f310ec7cddfc986f0d,SNT782.NFTH.529,SN_0134
7f77a3527f6a2606f6cc54da76525c47,SNT852.MBFQ.742,SN_0137
a9e0dc32f9dccdf0c31ff30614f8842b,SNT237.HHFT.695,SN_0196
f23659697609760818048917944e807b,SNT485.TFZW.933,SN_0136
89a97d16a2d5721ef72fb9ef2a29c714,SNT726.KXCD.936,SN_0199
196c62b6ed3034fc435d18e31d9914d8,SNT726.KXCD.936,SN_0199
fa60dc9d1ac4c2e5331423987830f940,SNT389.MKGS.876,SN_0135
568280a316bf1bcb2848e6a8ec753166,SNT782.NFTH.529,SN_0134
cdee07c8f709179a65aa57c1d54fd602,SNT597.LBBX.278,SN_0113
b7461b41d4731a1c5f3628ad6ede1de1,SNT389.FLMV.956,SN_0140
eb7f474a91b4ea7d4bf2a120cc06475e,SNT897.XSKH.765,SN_0123
54b4c211966d8dedb2c29c836f4c16e7,SNT765.VJSX.938,SN_0130
9f46e892635bab04483c705df77739bf,SNT727.CGJB.362,SN_0139
6a7ecddabfd734da5f937299f1f1d5ac,SNT765.VJSX.938,SN_0130
ee09be2f2baf61de8be82951a520ef6f,SNT887.HQLX.679,SN_0133
92e8fe6cad62a4d8d2998b9515f30e9f,SNT597.LBBX.278,SN_0113
50d78244053d634d15a0cb5037ac08e0,SNT336.TNTN.436,SN_0142
4e9442995f1c181ac14128ed01df878f,SNT765.VJSX.938,SN_0130
c90fca32641641b143eb52ccd24cb6cd,SNT887.HQLX.679,SN_0133
8a728556848725a32d05cade3fc4152a,SNT485.TFZW.933,SN_0136
2e65734fd30bc7ba6e39bded5167e814,SNT892.GCWJ.473,SN_0198
9fa43198d47cf24b03fd0f612c124333,SNT897.XSKH.765,SN_0123
c9058a5680bc731afaead6f04e2ebe7e,SNT296.ZSSX.293,SN_0119
146d5b93ab3e50e2d394ebad3bc324df,SNT949.HRSM.865,SN_0141
17cb531680a13fcc90def70f4cc0dbb4,SNT726.KXCD.936,SN_0199
3ac912e7814f43b27e0412aef0838af8,SNT949.HRSM.865,SN_0141
cf506aa312bae0ece94b05eb8baf28d7,SNT997.SGFS.597,SN_0131
b1127c6fc5812e6e4fb4bae9b24fcbaa,SNT634.CNDC.344,SN_0120
ecb0f9072cd4e24213143bdfe71a9f00,SNT897.XSKH.765,SN_0123
16be85381fb55e54f870de4ab4b94e93,SNT472.XBQZ.856,SN_0132
2c01983391ccf5db2b4c130623ed6069,SNT597.LBBX.278,SN_0113
5d08c887e313a366d1659f57ecefa070,SNT378.XSNC.662,SN_0144
ed0518ff52d0350af7e8713866a07df4,SNT892.GCWJ.473,SN_0198
942801cfd363cf6610cc3e980cd5ae06,SNT782.NFTH.529,SN_0134
d5f540b18a5820af933977f9eec4e97c,SNT727.CGJB.362,SN_0139
d1d1b8e0f1e7bb0328330b3712538be1,SNT887.HQLX.679,SN_0133
8b2b640ea263d5e558eb0a9e523aa70d,SNT782.NFTH.529,SN_0134
5046c69b22af196640594d634dfbbcbe,SNT897.XSKH.765,SN_0123
022c762d0efe8d86fda2bab7d4d580f7,SNT772.RRSX.967,SN_0114
acbd822efc8b59568884e516667064a3,SNT727.CGJB.362,SN_0139
55c1b1a47cca9c9b376ef85dbd942e33,SNT887.HQLX.679,SN_0133
4637d1f2749ea6e2763ff37dfe1626f3,SNT336.TNTN.436,SN_0142
699103fa315953825f8253510003df5b,SNT985.HJQN.458,SN_0121
dc2b41db762069520e10b6b9683623b8,SNT887.HQLX.679,SN_0133
d0c63b48d1c09d2c0c86126fe273752c,SNT389.MKGS.876,SN_0135
1be169a87ef3e46081383c95835f57a8,SNT634.CNDC.344,SN_0120
61965f854519666ad8886b7b60d3a0d2,SNT485.TFZW.933,SN_0136
ab5d1ce1b9d651ed32769a46c5068fcc,SNT378.XSNC.662,SN_0144
cc5a5544ebb398ad70cb27beff8afdc7,SNT985.HJQN.458,SN_0121
1969d23a61c8f797754843c7666e0883,SNT765.VJSX.938,SN_0130
a998618cc6c1ede5cf8e18f74f19e41d,SNT949.HRSM.865,SN_0141
7ff540f5ef8970c39711abb2ef1eca36,SNT852.MBFQ.742,SN_0137
2a7f1ea133fffbe4b01e91e7f10caf43,SNT765.VJSX.938,SN_0130
e9eed27f049056dc17e6ab2b33b08da8,SNT472.XBQZ.856,SN_0132
ba9e56a7f9be19874510fda420d67f66,SNT684.VLRC.283,SN_0138
56697f79cf243fecb802c2fd840dd063,SNT296.ZSSX.293,SN_0119
df449ea9b4db6de4276a533c12fbe878,SNT378.XSNC.662,SN_0144
b7209c88d34dce9050ee5bf7e440e548,SNT262.DMPK.836,SN_0143
1c480060db68be970eab33d32c80e203,SNT634.CNDC.344,SN_0120
84aca5af69d3a7e5a41fdfe7f1fad2fc,SNT262.DMPK.836,SN_0143
2b79566b10a02ee356531e10eccc6bd0,SNT684.VLRC.283,SN_0138
558e20956db1414f3de7c591844f712e,SNT263.PCQJ.942,SN_0197
90656fc05b2699294573b250e0500f45,SNT296.ZSSX.293,SN_0119
e2e302474c860fd6de0791193931f18b,SNT237.HHFT.695,SN_0196
e97f2a7c0f76277cf5f189f34b762a40,SNT389.MKGS.876,SN_0135
0b477fcd8f10023860d16602d90b50ab,SNT336.TNTN.436,SN_0142
5a4b082dd9a3f6a404646d42cdb9439f,SNT684.VLRC.283,SN_0138
e85a39f6bb1fe445efd9e42822625f45,SNT389.FLMV.956,SN_0140
da7fe503fd828c90c0c4fbbe23e4df4d,SNT782.NFTH.529,SN_0134
7bbfe861dc52415577c3d1f237373b76,SNT472.XBQZ.856,SN_0132
6f7e2b109e46f26ac684cdf4268b753d,SNT472.XBQZ.856,SN_0132
e92deee5ac922237b7dda7f140ed935a,SNT275.HPHX.884,SN_0118
de965fd19fe007e41997188f703b9bd6,SNT389.MKGS.876,SN_0135
9db8f03ef0354bf59c6f5e0c017f5b42,SNT637.VHCL.766,SN_0112
21b2237f8e795cc4686fafe80f57629c,SNT772.RRSX.967,SN_0114
13583dd515cb5cb272a707c185e2127d,SNT684.VLRC.283,SN_0138
91816d51a4310bf50e7199fe938a8c05,SNT237.HHFT.695,SN_0196
155d4cec94d39048b53f2de9a1fbff6b,SNT892.GCWJ.473,SN_0198
7115658533354b72bafb37c4f14d70be,SNT389.FLMV.956,SN_0140
2a44c3bd9d893ef11ea59ab266693183,SNT485.TFZW.933,SN_0136
08015cd474a1ac0282f788c970673219,SNT262.DMPK.836,SN_0143
819964d9b9244dee0b3cbab91f84aaf0,SNT263.PCQJ.942,SN_0197
98bcc54c9407eac1d550a275e66bb20c,SNT726.KXCD.936,SN_0199
aa4859005ef1c7eba5db845e2f1e30ab,SNT237.HHFT.695,SN_0196
66d0e752db06274b0908c27f7a352263,SNT275.HPHX.884,SN_0118
54d7412030793123f225ea5747272936,SNT263.PCQJ.942,SN_0197
37d9fd11acb6a1f04ad545634ff7d2ae,SNT727.CGJB.362,SN_0139
9aed5667068ebcece0b45dfbd7e99634,SNT727.CGJB.362,SN_0139
7e453b82e038194c69710690b4d77e8b,SNT336.TNTN.436,SN_0142
fec891ae90bcc412e0f4109e0e0a9bca,SNT637.VHCL.766,SN_0112
c5549215aed82857b4bf39f9063a5860,SNT634.CNDC.344,SN_0120
9fdff237dbd0f81589da65dfc3399075,SNT485.TFZW.933,SN_0136
1015d935ce245dc4770cb178005b0f89,SNT949.HRSM.865,SN_0141
14efce887644e081333447119251e4cd,SNT772.RRSX.967,SN_0114
8ddb99765fcab62965544be56d1db130,SNT897.XSKH.765,SN_0123
21986ba48d1fb322cf331aebc61570af,SNT772.RRSX.967,SN_0114
b5ebcd18076913f5384b918b679b5651,SNT765.VJSX.938,SN_0130
4427405370243206cb7386eaa8c7dc29,SNT852.MBFQ.742,SN_0137
7bb540aab7299699e949e6975b7dd0b2,SNT472.XBQZ.856,SN_0132
36c40ac3f87373cbda1736963205d7c9,SNT726.KXCD.936,SN_0199
ab39b4f6a60dec56fb7f5daaf386bd48,SNT597.LBBX.278,SN_0113
31504832679ff94e2ca94ab7551d8be1,SNT296.ZSSX.293,SN_0119
682724122c982275637edd8098e8a674,SNT597.LBBX.278,SN_0113
dd95ff397f5b0af27b7f2776baffbbba,SNT684.VLRC.283,SN_0138
4fd2e8dcab66f62328e982535c2a33ee,SNT985.HJQN.458,SN_0121
9bbda7f5abb763398588f2835713da5b,SNT726.KXCD.936,SN_0199
7a843f178ec6b624b43478fb278e345c,SNT897.XSKH.765,SN_0123
1251e74d322ef90b485adc46fd604886,SNT782.NFTH.529,SN_0134
aa576aef069ed18b4da9dde0face1f84,SNT949.HRSM.865,SN_0141
c5a4728358caf1674f66f587ad73c7bf,SNT378.XSNC.662,SN_0144
2f030728d471f5adab989ee9bf441eb7,SNT237.HHFT.695,SN_0196
5eb138e6093b2adec451358906e5bd01,SNT782.NFTH.529,SN_0134
3b637a7dcc5b06298fbc7548c3d6bbae,SNT852.MBFQ.742,SN_0137
f4f92f117672db357ea7f0e172e6437a,SNT485.TFZW.933,SN_0136
74d9b4d8ae13a6289ff3107244af158d,SNT389.MKGS.876,SN_0135
0365cf9be87fc9bed67e14203c79bfed,SNT782.NFTH.529,SN_0134
c189c99c61fda5cd29a19a44f1d27702,SNT727.CGJB.362,SN_0139
22eef3f0e7a45fe31eeb4a92af9ba7b7,SNT727.CGJB.362,SN_0139
a6a0e9b6dac53ce65f75a79ef497ba77,SNT782.NFTH.529,SN_0134
382d6c7b05a1d4cc12ae80d1636ea479,SNT887.HQLX.679,SN_0133
c990a21a7165ff311edb6c2c23d64db0,SNT887.HQLX.679,SN_0133
9495bc333029a482dedc1c88455bf730,SNT684.VLRC.283,SN_0138
